{"dataset": "glass", "error_fraction": 1, "error_class": "imputer_simple_mcar", "run": 2, "ed_p": 1.0, "ed_r": 1.0, "ed_f": 1.0, "ec_p": 0.1016949152542373, "ec_r": 0.1016949152542373, "ec_f": 0.10169491525423731}