{"dataset": "restaurant", "error_fraction": 1, "error_class": "imputer_simple_mcar", "run": 0, "ed_p": 1.0, "ed_r": 1.0, "ed_f": 1.0, "ec_p": 0.07692307692307693, "ec_r": 0.07692307692307693, "ec_f": 0.07692307692307693}