{"dataset": "bridges", "error_fraction": 1, "error_class": "imputer_simple_mcar", "run": 2, "ed_p": 1.0, "ed_r": 1.0, "ed_f": 1.0, "ec_p": 0.21428571428571427, "ec_r": 0.21428571428571427, "ec_f": 0.21428571428571427}