{"dataset": "cars", "error_fraction": 3, "error_class": "imputer_simple_mcar", "run": 2, "ed_p": 1.0, "ed_r": 1.0, "ed_f": 1.0, "ec_p": 0.015834348355663823, "ec_r": 0.015834348355663823, "ec_f": 0.015834348355663823}