{"dataset": "restaurant", "error_fraction": 3, "error_class": "imputer_simple_mcar", "run": 0, "ed_p": 1.0, "ed_r": 1.0, "ed_f": 1.0, "ec_p": 0.1032258064516129, "ec_r": 0.1032258064516129, "ec_f": 0.1032258064516129}