{"status": 1, "result": {"precision": 0.9, "recall": 0.5192307692307693, "f1": 0.6585365853658537, "runtime": 73.98615884780884}, "config": {"dataset": "restaurant", "n_rows": null, "error_fraction": 1, "error_class": "simple_mcar", "run": 0}}