{"status": 1, "result": {"precision": 0.9946308724832215, "recall": 0.9711664482306684, "f1": 0.9827586206896551, "runtime": 81.50968098640442}, "config": {"dataset": "cars", "n_rows": null, "error_fraction": 1, "error_class": "simple_mcar", "run": 1}}