{"status": 1, "result": {"precision": 0.9090909090909091, "recall": 0.9090909090909091, "f1": 0.9090909090909091, "runtime": 152.44157886505127}, "config": {"dataset": "glass", "n_rows": null, "error_fraction": 1, "error_class": "simple_mcar", "run": 0}}