{"status": 1, "result": {"precision": 0.9629629629629629, "recall": 0.5416666666666666, "f1": 0.6933333333333334, "runtime": 373.8201792240143}, "config": {"dataset": "43572", "n_rows": 1000, "error_fraction": 5, "error_class": "simple_mcar", "run": 1}}