{"status": 1, "result": {"precision": 0.6551568494696457, "recall": 0.5900406504065041, "f1": 0.6208961608384129, "runtime": 515.0954310894012}, "config": {"dataset": "flights", "n_rows": null, "error_fraction": 1, "error_class": "simple_mcar", "run": 1}}