{"status": 1, "result": {"precision": 0.7857142857142857, "recall": 0.673469387755102, "f1": 0.7252747252747253, "runtime": 76.62078523635864}, "config": {"dataset": "184", "n_rows": 1000, "error_fraction": 5, "error_class": "simple_mcar", "run": 0}}