{"status": 1, "result": {"precision": 0.9647058823529412, "recall": 0.9111111111111111, "f1": 0.9371428571428572, "runtime": 148.67645978927612}, "config": {"dataset": "glass", "n_rows": null, "error_fraction": 1, "error_class": "simple_mcar", "run": 1}}