{"status": 1, "result": {"precision": 0.8974358974358975, "recall": 0.7142857142857143, "f1": 0.7954545454545455, "runtime": 83.0455334186554}, "config": {"dataset": "1481", "n_rows": 1000, "error_fraction": 5, "error_class": "simple_mcar", "run": 2}}