{"status": 1, "result": {"precision": 0.8157894736842105, "recall": 0.6326530612244898, "f1": 0.7126436781609196, "runtime": 71.74646353721619}, "config": {"dataset": "41027", "n_rows": 1000, "error_fraction": 5, "error_class": "simple_mcar", "run": 0}}