{"status": 1, "result": {"precision": 0.717391304347826, "recall": 0.673469387755102, "f1": 0.6947368421052631, "runtime": 70.20497989654541}, "config": {"dataset": "184", "n_rows": 1000, "error_fraction": 5, "error_class": "simple_mcar", "run": 2}}