{"status": 1, "result": {"precision": 1.0, "recall": 0.5370370370370371, "f1": 0.6987951807228916, "runtime": 145.6095654964447}, "config": {"dataset": "151", "n_rows": 1000, "error_fraction": 5, "error_class": "simple_mcar", "run": 0}}