{"status": 1, "result": {"precision": 0.7727272727272727, "recall": 0.68, "f1": 0.7234042553191491, "runtime": 70.97209143638611}, "config": {"dataset": "41027", "n_rows": 1000, "error_fraction": 5, "error_class": "imputer_simple_mcar", "run": 1}}