{"status": 1, "result": {"precision": 0.9428571428571428, "recall": 0.673469387755102, "f1": 0.7857142857142857, "runtime": 73.51450157165527}, "config": {"dataset": "41027", "n_rows": 1000, "error_fraction": 5, "error_class": "simple_mcar", "run": 1}}