{"status": 1, "result": {"precision": 0.9382716049382716, "recall": 0.8958742632612967, "f1": 0.9165829145728643, "runtime": 608.3920454978943}, "config": {"dataset": "hospital", "n_rows": null, "error_fraction": 1, "error_class": "simple_mcar", "run": 0}}