{"status": 1, "result": {"precision": 0.7142857142857143, "recall": 0.45161290322580644, "f1": 0.5533596837944664, "runtime": 85.11958312988281}, "config": {"dataset": "restaurant", "n_rows": null, "error_fraction": 3, "error_class": "simple_mcar", "run": 2}}