{"status": 1, "result": {"precision": 0.9696969696969697, "recall": 0.6530612244897959, "f1": 0.7804878048780488, "runtime": 71.75977349281311}, "config": {"dataset": "41027", "n_rows": 1000, "error_fraction": 5, "error_class": "simple_mcar", "run": 2}}