{"status": 1, "result": {"precision": 0.03280839895013123, "recall": 0.03280839895013123, "f1": 0.03280839895013123}, "config": {"dataset": "cars", "error_fraction": 1, "version": 3, "error_class": "imputer_simple_mcar", "n_rows": null, "n_cols": null}}