{"status": 1, "result": {"precision": 0.030450669914738125, "recall": 0.030450669914738125, "f1": 0.030450669914738125}, "config": {"dataset": "cars", "error_fraction": 3, "version": 3, "error_class": "imputer_simple_mcar", "n_rows": null, "n_cols": null}}