{"status": 1, "result": {"precision": 0.041463414634146344, "recall": 0.041463414634146344, "f1": 0.041463414634146344}, "config": {"dataset": "cars", "error_fraction": 3, "version": 1, "error_class": "imputer_simple_mcar", "n_rows": null, "n_cols": null}}