{"status": 1, "result": {"precision": 0.011627906976744186, "recall": 0.011627906976744186, "f1": 0.011627906976744184}, "config": {"dataset": "glass", "error_fraction": 3, "version": 2, "error_class": "imputer_simple_mcar", "n_rows": null, "n_cols": null}}