{"status": 1, "result": {"precision": 0.002109704641350211, "recall": 0.002109704641350211, "f1": 0.002109704641350211}, "config": {"dataset": "rayyan", "error_fraction": 1, "version": 1, "error_class": "imputer_simple_mcar", "n_rows": null, "n_cols": null}}