{"status": 1, "result": {"precision": 0.7220165789062093, "recall": 0.6799836333878887, "f1": 0.7003700176158728, "runtime": 3471.61402964592}, "config": {"task": "correction", "dataset": "tax", "n_rows": 100000, "error_fraction": 1, "error_class": "simple_mcar", "error_detection_mode": "raha", "run": 0}}