{"status": 1, "result": {"precision": 0.49019607843137253, "recall": 0.49019607843137253, "f1": 0.49019607843137253, "runtime": 3.4742438793182373}, "config": {"dataset": "6", "n_rows": 1000, "error_fraction": 5, "error_class": "simple_mcar", "cripple": null, "run": 0}}