{"status": 1, "result": {"precision": 0.6470588235294118, "recall": 0.6470588235294118, "f1": 0.6470588235294118, "runtime": 4.17751932144165}, "config": {"dataset": "6", "n_rows": 1000, "error_fraction": 5, "error_class": "simple_mcar", "cripple": null, "run": 2}}