{"status": 1, "result": {"precision": 0.0915032679738562, "recall": 0.07179487179487179, "f1": 0.08045977011494254, "runtime": 1611.1852540969849}, "config": {"task": "correction", "dataset": "food", "n_rows": 100000, "error_fraction": 1, "error_class": "simple_mcar", "error_detection_mode": "perfect", "labeling_error_pct": 1, "run": 1}}