{"status": 1, "result": {"precision": 0.004195804195804196, "recall": 0.003937007874015748, "f1": 0.004062288422477995, "runtime": 210.07084321975708}, "config": {"task": "correction", "dataset": "cars", "n_rows": null, "error_fraction": 1, "error_class": "simple_mcar", "error_detection_mode": "perfect", "labeling_error_pct": 1, "run": 2}}