{"status": 1, "result": {"precision": 0.00013239772275916854, "recall": 9.819967266775777e-05, "f1": 0.00011276287846041083, "runtime": 12453.336012125015}, "config": {"task": "correction", "dataset": "tax", "n_rows": 100000, "error_fraction": 1, "error_class": "simple_mcar", "error_detection_mode": "perfect", "labeling_error_pct": 1, "run": 2}}