{"status": 1, "result": {"precision": 0.0001748710326134476, "recall": 0.0001309328968903437, "f1": 0.00014974543276430067, "runtime": 11942.112299203873}, "config": {"task": "correction", "dataset": "tax", "n_rows": 100000, "error_fraction": 1, "error_class": "simple_mcar", "error_detection_mode": "perfect", "labeling_error_pct": 1, "run": 1}}