{"status": 1, "result": {"precision": 0.6162790697674418, "recall": 0.6162790697674418, "f1": 0.6162790697674418, "runtime": 1.1778905391693115}, "config": {"dataset": "glass", "n_rows": null, "error_fraction": 3, "error_class": "simple_mcar", "cripple": null, "run": 2}}