{"status": 1, "result": {"precision": 0.7380952380952381, "recall": 0.7380952380952381, "f1": 0.7380952380952381, "runtime": 0.5410947799682617}, "config": {"dataset": "bridges", "n_rows": null, "error_fraction": 3, "error_class": "simple_mcar", "cripple": null, "run": 1}}