{"status": 1, "result": {"precision": 0.8636363636363636, "recall": 0.8636363636363636, "f1": 0.8636363636363636, "runtime": 0.6435689926147461}, "config": {"dataset": "glass", "n_rows": null, "error_fraction": 1, "error_class": "simple_mcar", "cripple": null, "run": 0}}