{"status": 1, "result": {"precision": 0.8506998444790047, "recall": 0.8506998444790047, "f1": 0.8506998444790047, "runtime": 495.3439939022064}, "config": {"dataset": "food", "n_rows": null, "error_fraction": 1, "error_class": "simple_mcar", "cripple": null, "run": 0}}