{"status": 1, "result": {"precision": 0.5102040816326531, "recall": 0.5102040816326531, "f1": 0.5102040816326531, "runtime": 3.613967180252075}, "config": {"dataset": "184", "n_rows": 1000, "error_fraction": 5, "error_class": "simple_mcar", "cripple": null, "run": 0}}