{"status": 1, "result": {"precision": 0.5735294117647058, "recall": 0.25161290322580643, "f1": 0.3497757847533632, "runtime": 4.276322364807129}, "config": {"dataset": "restaurant", "n_rows": null, "error_fraction": 3, "error_class": "simple_mcar", "cripple": null, "run": 0}}