{"status": 1, "result": {"precision": 0.8125, "recall": 0.7222222222222222, "f1": 0.7647058823529411, "runtime": 4.922136306762695}, "config": {"dataset": "151", "n_rows": 1000, "error_fraction": 5, "error_class": "simple_mcar", "cripple": null, "run": 2}}