{"status": 1, "result": {"precision": 0.5957446808510638, "recall": 0.5384615384615384, "f1": 0.5656565656565657, "runtime": 1.6660387516021729}, "config": {"dataset": "restaurant", "n_rows": null, "error_fraction": 1, "error_class": "simple_mcar", "cripple": null, "run": 0}}