{"status": 1, "result": {"precision": 0.8571428571428571, "recall": 0.8571428571428571, "f1": 0.8571428571428571, "runtime": 0.20075058937072754}, "config": {"dataset": "bridges", "n_rows": null, "error_fraction": 1, "error_class": "simple_mcar", "cripple": null, "run": 1}}