{"status": 1, "result": {"precision": 0.8769035532994924, "recall": 0.8416565164433617, "f1": 0.8589185829707893, "runtime": 10.16770315170288}, "config": {"dataset": "cars", "n_rows": null, "error_fraction": 3, "error_class": "simple_mcar", "cripple": null, "run": 2}}