{"status": 1, "result": {"precision": 0.7857142857142857, "recall": 0.7857142857142857, "f1": 0.7857142857142857, "runtime": 0.17969417572021484}, "config": {"dataset": "bridges", "n_rows": null, "error_fraction": 1, "error_class": "simple_mcar", "cripple": null, "run": 2}}