{"status": 1, "result": {"precision": 0.9125168236877523, "recall": 0.8268292682926829, "f1": 0.8675623800383877, "runtime": 7.035095453262329}, "config": {"dataset": "cars", "n_rows": null, "error_fraction": 3, "error_class": "simple_mcar", "cripple": null, "run": 0}}