{"status": 1, "result": {"precision": 0.5306122448979592, "recall": 0.5306122448979592, "f1": 0.5306122448979592, "runtime": 2.7004988193511963}, "config": {"dataset": "41027", "n_rows": 1000, "error_fraction": 5, "error_class": "simple_mcar", "cripple": null, "run": 1}}