{"status": 1, "result": {"precision": 0.48717948717948717, "recall": 0.36774193548387096, "f1": 0.41911764705882354, "runtime": 4.539344787597656}, "config": {"dataset": "restaurant", "n_rows": null, "error_fraction": 3, "error_class": "simple_mcar", "cripple": null, "run": 2}}