{"status": 1, "result": {"precision": 0.9376425855513308, "recall": 0.8480055020632737, "f1": 0.8905742145178764, "runtime": 29.328469276428223}, "config": {"dataset": "beers", "n_rows": null, "error_fraction": 1, "error_class": "simple_mcar", "cripple": null, "run": 0}}