{"status": 1, "result": {"precision": 0.9041614123581336, "recall": 0.8797546012269939, "f1": 0.8917910447761194, "runtime": 7.4667134284973145}, "config": {"dataset": "cars", "n_rows": null, "error_fraction": 3, "error_class": "simple_mcar", "cripple": null, "run": 1}}