{"status": 1, "result": {"precision": 0.8775510204081632, "recall": 0.7962962962962963, "f1": 0.8349514563106796, "runtime": 4.68090295791626}, "config": {"dataset": "151", "n_rows": 1000, "error_fraction": 5, "error_class": "simple_mcar", "cripple": null, "run": 1}}