{"status": 1, "result": {"precision": 0.4897959183673469, "recall": 0.4897959183673469, "f1": 0.4897959183673469, "runtime": 2.834756374359131}, "config": {"dataset": "184", "n_rows": 1000, "error_fraction": 5, "error_class": "simple_mcar", "cripple": null, "run": 2}}