{"status": 1, "result": {"precision": 0.7142857142857143, "recall": 0.4166666666666667, "f1": 0.5263157894736842, "runtime": 1.9036333560943604}, "config": {"dataset": "43572", "n_rows": 1000, "error_fraction": 5, "error_class": "simple_mcar", "cripple": null, "run": 0}}