{"status": 1, "result": {"precision": 0.9666666666666667, "recall": 0.9666666666666667, "f1": 0.9666666666666667, "runtime": 1.0624699592590332}, "config": {"dataset": "glass", "n_rows": null, "error_fraction": 1, "error_class": "simple_mcar", "cripple": null, "run": 1}}