{"status": 1, "result": {"precision": 0.6530612244897959, "recall": 0.6530612244897959, "f1": 0.6530612244897959, "runtime": 3.016488790512085}, "config": {"dataset": "184", "n_rows": 1000, "error_fraction": 5, "error_class": "simple_mcar", "cripple": null, "run": 1}}