{"status": 1, "result": {"precision": 0.4897959183673469, "recall": 0.4897959183673469, "f1": 0.4897959183673469, "runtime": 0.39047932624816895}, "config": {"dataset": "1481", "n_rows": 1000, "error_fraction": 5, "error_class": "simple_mcar", "cripple": null, "run": 0}}