{"status": 1, "result": {"precision": 0.9, "recall": 0.8333333333333334, "f1": 0.8653846153846153, "runtime": 5.20007586479187}, "config": {"dataset": "151", "n_rows": 1000, "error_fraction": 5, "error_class": "simple_mcar", "cripple": null, "run": 0}}