{"status": 1, "result": {"precision": 0.6451612903225806, "recall": 0.4166666666666667, "f1": 0.5063291139240507, "runtime": 1.9252715110778809}, "config": {"dataset": "43572", "n_rows": 1000, "error_fraction": 5, "error_class": "simple_mcar", "cripple": null, "run": 1}}