{"status": 1, "result": {"precision": 0.8333333333333334, "recall": 0.8333333333333334, "f1": 0.8333333333333334, "runtime": 0.5700228214263916}, "config": {"dataset": "bridges", "n_rows": null, "error_fraction": 3, "error_class": "simple_mcar", "cripple": null, "run": 0}}