{"status": 1, "result": {"precision": 0.9776902887139107, "recall": 0.9776902887139107, "f1": 0.9776902887139107, "runtime": 9.252043008804321}, "config": {"dataset": "cars", "n_rows": null, "error_fraction": 1, "error_class": "simple_mcar", "cripple": null, "run": 2}}