{"status": 1, "result": {"precision": 0.7407407407407407, "recall": 0.4166666666666667, "f1": 0.5333333333333333, "runtime": 1.877417802810669}, "config": {"dataset": "43572", "n_rows": 1000, "error_fraction": 5, "error_class": "simple_mcar", "cripple": null, "run": 2}}