{"status": 1, "result": {"precision": 0.836173001310616, "recall": 0.836173001310616, "f1": 0.8361730013106159, "runtime": 7.790325164794922}, "config": {"dataset": "cars", "n_rows": null, "error_fraction": 1, "error_class": "simple_mcar", "cripple": null, "run": 1}}