{"status": 1, "result": {"precision": 0.6875, "recall": 0.66, "f1": 0.673469387755102, "runtime": 134.07394576072693}, "config": {"dataset": "137", "n_rows": 1000, "error_fraction": 5, "error_class": "simple_mcar", "run": 0}}