{"status": 1, "result": {"precision": 0.728344671201814, "recall": 0.6528455284552845, "f1": 0.6885316184351553, "runtime": 514.7260706424713}, "config": {"dataset": "flights", "n_rows": null, "error_fraction": 1, "error_class": "simple_mcar", "run": 0}}