{"status": 1, "result": {"precision": 0.7415254237288136, "recall": 0.5537974683544303, "f1": 0.6340579710144928, "runtime": 428.1738338470459}, "config": {"dataset": "rayyan", "n_rows": null, "error_fraction": 1, "error_class": "simple_mcar", "run": 2}}