{"status": 1, "result": {"precision": 0.975609756097561, "recall": 0.6779661016949152, "f1": 0.7999999999999999, "runtime": 147.43859338760376}, "config": {"dataset": "glass", "n_rows": null, "error_fraction": 1, "error_class": "simple_mcar", "run": 2}}