{"status": 1, "result": {"precision": 0.9880478087649402, "recall": 0.9062119366626066, "f1": 0.9453621346886912, "runtime": 84.58022141456604}, "config": {"dataset": "cars", "n_rows": null, "error_fraction": 3, "error_class": "simple_mcar", "run": 2}}