{"status": 1, "result": {"precision": 0.8409090909090909, "recall": 0.74, "f1": 0.7872340425531915, "runtime": 70.99887752532959}, "config": {"dataset": "41027", "n_rows": 1000, "error_fraction": 5, "error_class": "imputer_simple_mcar", "run": 0}}