{"status": 1, "result": {"precision": 0.988110964332893, "recall": 0.9121951219512195, "f1": 0.9486366518706405, "runtime": 87.24545574188232}, "config": {"dataset": "cars", "n_rows": null, "error_fraction": 3, "error_class": "simple_mcar", "run": 0}}