{"status": 1, "result": {"precision": 0.9972936400541272, "recall": 0.9671916010498688, "f1": 0.9820119920053297, "runtime": 78.8913140296936}, "config": {"dataset": "cars", "n_rows": null, "error_fraction": 1, "error_class": "simple_mcar", "run": 2}}