{"status": 1, "result": {"precision": 0.9583333333333334, "recall": 0.45098039215686275, "f1": 0.6133333333333333, "runtime": 2375.2145824432373}, "config": {"dataset": "6", "n_rows": 1000, "error_fraction": 5, "error_class": "simple_mcar", "run": 0}}