{"status": 1, "result": {"precision": 0.8947368421052632, "recall": 0.8095238095238095, "f1": 0.8500000000000001, "runtime": 151.18315529823303}, "config": {"dataset": "bridges", "n_rows": null, "error_fraction": 3, "error_class": "simple_mcar", "run": 1}}