{"status": 1, "result": {"precision": 1.0, "recall": 0.43137254901960786, "f1": 0.6027397260273972, "runtime": 2430.381984472275}, "config": {"dataset": "6", "n_rows": 1000, "error_fraction": 5, "error_class": "simple_mcar", "run": 2}}