{"status": 1, "result": {"precision": 0.9615384615384616, "recall": 0.5208333333333334, "f1": 0.6756756756756757, "runtime": 372.9954183101654}, "config": {"dataset": "43572", "n_rows": 1000, "error_fraction": 5, "error_class": "simple_mcar", "run": 0}}