{"status": 1, "result": {"precision": 0.85, "recall": 0.6938775510204082, "f1": 0.7640449438202247, "runtime": 80.54928827285767}, "config": {"dataset": "1481", "n_rows": 1000, "error_fraction": 5, "error_class": "simple_mcar", "run": 0}}