{"status": 1, "result": {"precision": 0.7608695652173914, "recall": 0.7142857142857143, "f1": 0.7368421052631581, "runtime": 75.60900521278381}, "config": {"dataset": "184", "n_rows": 1000, "error_fraction": 5, "error_class": "simple_mcar", "run": 1}}