{"detected_cells_index": [[91, 2], [106, 2], [58, 3], [26, 4], [63, 4], [66, 4], [18, 7], [19, 7], [20, 7], [26, 7], [52, 7], [54, 7], [73, 7], [45, 10], [57, 10], [71, 10], [96, 10], [98, 10], [9, 11], [15, 11], [19, 11], [22, 11], [23, 11], [27, 11], [52, 11], [104, 11], [11, 12], [64, 12]], "precision": 0.6785714285714286, "recall": 0.4523809523809524, "f1": 0.5428571428571429, "dataset_name": "bridges", "error_class": "simple_mcar", "error_fraction": 3, "version": 2}