{"detected_cells_index": [[32, 2], [83, 2], [123, 2], [131, 2], [132, 2], [153, 2], [157, 2], [168, 2], [185, 2], [220, 2], [234, 2], [242, 2], [244, 2], [256, 2], [271, 2], [292, 2], [293, 2], [321, 2], [332, 2], [363, 2], [382, 2], [393, 2], [396, 2], [424, 2], [479, 2], [508, 2], [513, 2], [530, 2], [531, 2], [546, 2], [585, 2], [609, 2], [612, 2], [648, 2], [650, 2], [702, 2], [798, 2], [828, 2], [834, 2], [844, 2], [118, 4], [126, 4], [146, 4], [170, 4], [179, 4], [205, 4], [208, 4], [218, 4], [266, 4], [273, 4], [353, 4], [375, 4], [402, 4], [405, 4], [408, 4], [436, 4], [448, 4], [465, 4], [490, 4], [514, 4], [542, 4], [596, 4], [598, 4], [599, 4], [602, 4], [621, 4], [668, 4], [677, 4], [690, 4], [724, 4], [728, 4], [732, 4], [751, 4], [774, 4], [779, 4], [797, 4], [819, 4], [825, 4], [830, 4], [857, 4], [0, 5], [1, 5], [2, 5], [3, 5], [4, 5], [5, 5], [6, 5], [7, 5], [8, 5], [9, 5], [10, 5], [11, 5], [12, 5], [13, 5], [14, 5], [15, 5], [16, 5], [17, 5], [18, 5], [19, 5], [35, 5], [55, 5], [71, 5], [79, 5], [117, 5], [131, 5], [134, 5], [176, 5], [207, 5], [208, 5], [216, 5], [226, 5], [241, 5], [265, 5], [287, 5], [311, 5], [315, 5], [348, 5], [364, 5], [443, 5], [454, 5], [466, 5], [467, 5], [510, 5], [518, 5], [522, 5], [547, 5], [555, 5], [590, 5], [593, 5], [646, 5], [655, 5], [684, 5], [687, 5], [718, 5], [761, 5], [773, 5], [833, 5], [841, 5]], "precision": 0.8489208633093526, "recall": 0.7612903225806451, "f1": 0.802721088435374, "dataset_name": "restaurant", "error_class": "simple_mcar", "error_fraction": 3, "version": 3}