{"detected_cells_index": [[20, 1], [24, 1], [43, 1], [45, 1], [50, 1], [69, 1], [75, 1], [79, 1], [89, 1], [93, 1], [95, 1], [101, 1], [102, 1], [104, 1], [129, 1], [133, 1], [140, 1], [144, 1], [147, 1], [148, 1], [153, 1], [208, 1], [0, 4], [12, 4], [30, 4], [41, 4], [64, 4], [68, 4], [79, 4], [106, 4], [107, 4], [108, 4], [135, 4], [163, 4], [173, 4], [193, 4], [205, 4], [105, 5], [11, 6], [69, 6], [74, 7], [119, 7], [139, 7], [149, 7], [161, 7], [162, 8], [186, 8]], "precision": 1.0, "recall": 0.7966101694915254, "f1": 0.8867924528301886, "dataset_name": "glass", "error_class": "simple_mcar", "error_fraction": 1, "version": 3}