{"detected_cells_index": [[20, 1], [24, 1], [43, 1], [45, 1], [50, 1], [69, 1], [75, 1], [79, 1], [89, 1], [93, 1], [95, 1], [101, 1], [102, 1], [104, 1], [129, 1], [133, 1], [140, 1], [144, 1], [147, 1], [148, 1], [153, 1], [208, 1], [32, 8], [125, 8], [149, 8]], "precision": 1.0, "recall": 0.5681818181818182, "f1": 0.7246376811594203, "dataset_name": "glass", "error_class": "simple_mcar", "error_fraction": 1, "version": 1}