{"detected_cells_index": [[87, 2], [99, 2], [130, 2], [170, 2], [207, 2], [251, 2], [294, 2], [358, 2], [435, 2], [458, 2], [575, 2], [624, 2], [645, 2], [658, 2], [665, 2], [667, 2], [668, 2], [675, 2], [677, 2], [678, 2], [682, 2], [685, 2], [689, 2], [690, 2], [694, 2], [697, 2], [707, 2], [709, 2], [816, 2], [847, 2]], "precision": 0.5, "recall": 0.28846153846153844, "f1": 0.36585365853658536, "dataset_name": "restaurant", "error_class": "simple_mcar", "error_fraction": 1, "version": 2}