{"detected_cells_index": [[12, 3], [29, 3], [33, 3], [43, 3], [86, 3], [196, 3], [212, 3], [224, 3], [247, 3], [250, 3], [257, 3], [303, 3], [320, 3], [369, 3], [379, 3], [380, 3], [401, 3], [407, 3], [479, 3], [490, 3], [498, 3], [519, 3], [550, 3], [578, 3], [648, 3], [666, 3], [680, 3], [687, 3], [701, 3], [708, 3], [771, 3], [813, 3], [827, 3], [837, 3], [0, 5], [1, 5], [2, 5], [3, 5], [4, 5], [5, 5], [6, 5], [7, 5], [8, 5], [9, 5], [10, 5], [11, 5], [12, 5], [13, 5], [14, 5], [15, 5], [16, 5], [17, 5], [18, 5], [19, 5], [41, 5], [80, 5], [92, 5], [115, 5], [121, 5], [124, 5], [143, 5], [203, 5], [229, 5], [232, 5], [247, 5], [284, 5], [288, 5], [295, 5], [312, 5], [318, 5], [362, 5], [377, 5], [380, 5], [422, 5], [437, 5], [447, 5], [469, 5], [510, 5], [528, 5], [542, 5], [553, 5], [557, 5], [595, 5], [620, 5], [637, 5], [657, 5], [704, 5], [722, 5], [752, 5], [779, 5], [781, 5], [790, 5], [796, 5]], "precision": 0.8064516129032258, "recall": 0.4838709677419355, "f1": 0.6048387096774193, "dataset_name": "restaurant", "error_class": "simple_mcar", "error_fraction": 3, "version": 2}