{"detected_cells_index": [[20, 1], [24, 1], [43, 1], [45, 1], [50, 1], [69, 1], [75, 1], [79, 1], [89, 1], [93, 1], [95, 1], [101, 1], [102, 1], [104, 1], [129, 1], [133, 1], [140, 1], [144, 1], [147, 1], [148, 1], [153, 1], [208, 1], [56, 2], [70, 2], [90, 2], [116, 2], [128, 2], [195, 2], [110, 3], [124, 3], [135, 3], [159, 3], [163, 3], [193, 3], [5, 4], [30, 4], [35, 4], [58, 4], [62, 4], [77, 4], [105, 4], [128, 4], [144, 4], [8, 5], [89, 5], [131, 5], [148, 5], [184, 5], [186, 5], [3, 6], [9, 6], [43, 6], [63, 6], [72, 6], [89, 6], [91, 6], [5, 7], [23, 7], [44, 7], [57, 7], [99, 7], [152, 7], [194, 7], [199, 7], [204, 7], [45, 8], [56, 8], [70, 8], [125, 8], [129, 8], [148, 8], [167, 8], [10, 9], [16, 9], [90, 9], [94, 9], [95, 9], [124, 9], [147, 9], [151, 9], [172, 9]], "precision": 1.0, "recall": 0.9418604651162791, "f1": 0.970059880239521, "dataset_name": "glass", "error_class": "simple_mcar", "error_fraction": 3, "version": 1}