{"detected_cells_index": [[25, 6], [54, 6], [57, 6], [19, 7], [20, 7], [48, 7], [62, 7], [27, 11], [61, 11], [89, 11]], "precision": 0.5, "recall": 0.35714285714285715, "f1": 0.41666666666666663, "dataset_name": "bridges", "error_class": "simple_mcar", "error_fraction": 1, "version": 1}