{"detected_cells_index": [[20, 1], [24, 1], [43, 1], [45, 1], [50, 1], [69, 1], [75, 1], [79, 1], [89, 1], [93, 1], [95, 1], [101, 1], [102, 1], [104, 1], [129, 1], [133, 1], [140, 1], [144, 1], [147, 1], [148, 1], [153, 1], [208, 1], [41, 2], [127, 2], [166, 2], [184, 2], [188, 2], [193, 2], [209, 2], [6, 5], [11, 5], [32, 5], [68, 5], [105, 5], [112, 5], [131, 5], [167, 5], [194, 5], [90, 8], [105, 8], [138, 8], [201, 8], [210, 8], [212, 8], [213, 8], [20, 10], [26, 10], [27, 10], [35, 10], [51, 10], [61, 10], [73, 10], [75, 10], [102, 10], [129, 10], [182, 10], [192, 10], [194, 10]], "precision": 1.0, "recall": 0.6744186046511628, "f1": 0.8055555555555556, "dataset_name": "glass", "error_class": "simple_mcar", "error_fraction": 3, "version": 3}