{"detected_cells_index": [[18, 2], [22, 2], [58, 2], [83, 2], [26, 3], [33, 3], [47, 3], [50, 3], [103, 3], [20, 4], [30, 4], [41, 4], [50, 4], [60, 4], [62, 4], [93, 4], [94, 4], [15, 5], [104, 5], [104, 6], [12, 8], [15, 8], [22, 8], [23, 8], [34, 8], [42, 8], [48, 8], [58, 8], [73, 8], [74, 8], [106, 8], [107, 8], [38, 9], [64, 9], [65, 9], [106, 9], [107, 9], [2, 12], [33, 12], [67, 12], [104, 12], [106, 12], [107, 12]], "precision": 0.7674418604651163, "recall": 0.7857142857142857, "f1": 0.7764705882352941, "dataset_name": "bridges", "error_class": "simple_mcar", "error_fraction": 3, "version": 1}