{"detected_cells_index": [[20, 1], [24, 1], [43, 1], [45, 1], [50, 1], [69, 1], [75, 1], [79, 1], [89, 1], [93, 1], [95, 1], [101, 1], [102, 1], [104, 1], [129, 1], [133, 1], [140, 1], [144, 1], [147, 1], [148, 1], [153, 1], [208, 1], [116, 2], [135, 2], [165, 2], [180, 2], [65, 3], [87, 3], [117, 3], [134, 3], [172, 3], [175, 3], [102, 4], [108, 4], [126, 4], [141, 4], [149, 4], [211, 4], [28, 7], [34, 7], [36, 7], [42, 7], [47, 7], [51, 7], [61, 7], [66, 7], [86, 7], [109, 7], [129, 7], [150, 7], [188, 7], [201, 7], [12, 9], [77, 9], [105, 9], [112, 9], [138, 9], [142, 9], [158, 9], [179, 9], [197, 9]], "precision": 1.0, "recall": 0.7093023255813954, "f1": 0.8299319727891157, "dataset_name": "glass", "error_class": "simple_mcar", "error_fraction": 3, "version": 2}