{"detected_cells_index": [[20, 1], [24, 1], [43, 1], [45, 1], [50, 1], [69, 1], [75, 1], [79, 1], [89, 1], [93, 1], [95, 1], [101, 1], [102, 1], [104, 1], [129, 1], [133, 1], [140, 1], [144, 1], [147, 1], [148, 1], [153, 1], [208, 1], [11, 5], [76, 5], [166, 5], [196, 5], [11, 6], [24, 6], [29, 6], [33, 6], [51, 6], [57, 6], [63, 6], [84, 6], [88, 6], [99, 6], [101, 6], [108, 6], [109, 6], [110, 6], [111, 6], [114, 6], [150, 6], [151, 6], [164, 6], [176, 6], [177, 6], [178, 6], [179, 6], [180, 6], [181, 6], [182, 6], [183, 6], [184, 6], [187, 6], [190, 6], [191, 6], [193, 6], [194, 6], [197, 6], [200, 6], [201, 6], [202, 6], [203, 6], [204, 6], [205, 6], [206, 6], [208, 6], [210, 6], [211, 6], [212, 6], [213, 6], [64, 8], [102, 8]], "precision": 1.0, "recall": 0.8222222222222222, "f1": 0.9024390243902439, "dataset_name": "glass", "error_class": "simple_mcar", "error_fraction": 1, "version": 2}