{"detected_cells_index": [[15, 3], [48, 3], [69, 3], [118, 3], [121, 3], [125, 3], [131, 3], [140, 3], [143, 3], [144, 3], [145, 3], [168, 3], [182, 3], [186, 3], [189, 3], [208, 3], [209, 3], [211, 3], [279, 3], [288, 3], [301, 3], [368, 3], [405, 3], [453, 3], [460, 3], [461, 3], [466, 3], [483, 3], [494, 3], [508, 3], [581, 3], [586, 3], [617, 3], [661, 3], [683, 3], [701, 3], [733, 3], [813, 3], [817, 3], [1, 5], [58, 5], [70, 5], [79, 5], [98, 5], [183, 5], [193, 5], [247, 5], [264, 5], [283, 5], [287, 5], [295, 5], [304, 5], [323, 5], [334, 5], [402, 5], [405, 5], [424, 5], [433, 5], [478, 5], [480, 5], [491, 5], [524, 5], [584, 5], [632, 5], [679, 5], [727, 5], [767, 5], [774, 5], [810, 5]], "precision": 1.0, "recall": 0.44516129032258067, "f1": 0.6160714285714286, "dataset_name": "restaurant", "error_class": "simple_mcar", "error_fraction": 3, "version": 1}