{"detected_cells_index": [[2, 3], [94, 3], [13, 4], [87, 4], [88, 5], [54, 6], [83, 6], [89, 6], [3, 7], [19, 7], [20, 7], [29, 7], [90, 7], [20, 8], [55, 8], [62, 8], [63, 8], [79, 8], [46, 9], [55, 9], [106, 9], [107, 9], [12, 10], [24, 10], [37, 10], [55, 10], [63, 10], [98, 10], [100, 10], [9, 12], [37, 12], [97, 12], [99, 12], [101, 12], [104, 12], [106, 12], [107, 12]], "precision": 0.6756756756756757, "recall": 0.5952380952380952, "f1": 0.6329113924050633, "dataset_name": "bridges", "error_class": "simple_mcar", "error_fraction": 3, "version": 3}