{"detected_cells_index": [[73, 5], [151, 5], [166, 5], [297, 5], [319, 5], [375, 5], [430, 5], [452, 5], [486, 5], [505, 5], [537, 5], [557, 5], [564, 5], [595, 5], [596, 5], [623, 5], [646, 5], [658, 5], [721, 5], [805, 5], [855, 5]], "precision": 1.0, "recall": 0.40384615384615385, "f1": 0.5753424657534247, "dataset_name": "restaurant", "error_class": "simple_mcar", "error_fraction": 1, "version": 1}